country,code,iso3,year,value,growth_value,growth_percentage
Bhutan,BTN,BTN,1998,564377,,
Bhutan,BTN,BTN,1999,577881,13504.0,2.3927268474796204
Bhutan,BTN,BTN,2000,591021,13140.0,2.2738245417309066
Bhutan,BTN,BTN,2001,603640,12619.0,2.1351187182858222
Bhutan,BTN,BTN,2002,616018,12378.0,2.0505599363859206
Bhutan,BTN,BTN,2003,627839,11821.0,1.9189374336464171
Bhutan,BTN,BTN,2004,638815,10976.0,1.7482188905117324
Bhutan,BTN,BTN,2005,648739,9924.0,1.5535014049451012
