country,code,iso3,year,value,growth_value,growth_percentage
Sub-Saharan Africa,SSF,SSF,1996,599067779,,
Sub-Saharan Africa,SSF,SSF,1997,615054371,15986592.0,2.668578174357128
Sub-Saharan Africa,SSF,SSF,1998,631400656,16346285.0,2.6576975582537576
Sub-Saharan Africa,SSF,SSF,1999,648148316,16747660.0,2.6524616090991104
