country,code,iso3,year,value,growth_value,growth_percentage
Austria,AUT,AUT,1990,7677850,,
Austria,AUT,AUT,1991,7754891,77041.0,1.003418925871169
Austria,AUT,AUT,1992,7840709,85818.0,1.1066306412301552
Austria,AUT,AUT,1993,7905633,64924.0,0.8280373624375059
Austria,AUT,AUT,1994,7936118,30485.0,0.38561112057693414
Austria,AUT,AUT,1995,7948278,12160.0,0.15322352817839224
Austria,AUT,AUT,1996,7959017,10739.0,0.13511102656449392
Austria,AUT,AUT,1997,7968041,9024.0,0.11338083584944147
Austria,AUT,AUT,1998,7976789,8748.0,0.10978859170027722
